-- ============================================================
-- SEED — POINTS SCALE
-- 6-hour race points (WEC standard top 10)
-- ============================================================
INSERT INTO public.points_scales (duration_hours, finish_position, points) VALUES
  (6,  1, 25),
  (6,  2, 18),
  (6,  3, 15),
  (6,  4, 12),
  (6,  5, 10),
  (6,  6,  8),
  (6,  7,  6),
  (6,  8,  4),
  (6,  9,  2),
  (6, 10,  1);

-- 8-hour race points (intermediate scale)
INSERT INTO public.points_scales (duration_hours, finish_position, points) VALUES
  (8,  1, 33),
  (8,  2, 24),
  (8,  3, 20),
  (8,  4, 16),
  (8,  5, 13),
  (8,  6, 11),
  (8,  7,  8),
  (8,  8,  5),
  (8,  9,  3),
  (8, 10,  1);

-- Le Mans 24h scale — placeholder, fill later
INSERT INTO public.points_scales (duration_hours, finish_position, points) VALUES
  (24,  1, 50),
  (24,  2, 38),
  (24,  3, 30),
  (24,  4, 24),
  (24,  5, 20),
  (24,  6, 16),
  (24,  7, 12),
  (24,  8,  8),
  (24,  9,  4),
  (24, 10,  2);

-- ============================================================
-- SEED — 2026 SEASON
-- ============================================================
INSERT INTO public.seasons (id, year, name, is_active)
VALUES ('a1b2c3d4-0001-0001-0001-000000000001', 2026, '2026 FIA WEC Season', true);

-- ============================================================
-- SEED — MANUFACTURERS
-- ============================================================
INSERT INTO public.manufacturers (id, name) VALUES
  ('m0000001-0000-0000-0000-000000000001', 'Toyota'),
  ('m0000001-0000-0000-0000-000000000002', 'Ferrari'),
  ('m0000001-0000-0000-0000-000000000003', 'BMW'),
  ('m0000001-0000-0000-0000-000000000004', 'Alpine'),
  ('m0000001-0000-0000-0000-000000000005', 'Cadillac'),
  ('m0000001-0000-0000-0000-000000000006', 'Aston Martin'),
  ('m0000001-0000-0000-0000-000000000007', 'Peugeot'),
  ('m0000001-0000-0000-0000-000000000008', 'Genesis'),
  ('m0000001-0000-0000-0000-000000000009', 'Porsche'),
  ('m0000001-0000-0000-0000-000000000010', 'Lamborghini'),
  ('m0000001-0000-0000-0000-000000000011', 'McLaren'),
  ('m0000001-0000-0000-0000-000000000012', 'Lexus'),
  ('m0000001-0000-0000-0000-000000000013', 'Mercedes');

-- ============================================================
-- SEED — RACES (2026 CALENDAR — Round 1 complete, rest scheduled)
-- ============================================================
INSERT INTO public.races (id, season_id, round_number, name, circuit, country_code, scheduled_date, duration_hours, status) VALUES
  ('r0000001-0000-0000-0000-000000000001',
   'a1b2c3d4-0001-0001-0001-000000000001',
   1, '1812 km of Qatar', 'Lusail International Circuit', 'QA', '2026-03-28', 24, 'completed'),

  ('r0000001-0000-0000-0000-000000000002',
   'a1b2c3d4-0001-0001-0001-000000000001',
   2, '6 Hours of Imola', 'Autodromo Enzo e Dino Ferrari', 'IT', '2026-04-19', 6, 'completed'),

  ('r0000001-0000-0000-0000-000000000003',
   'a1b2c3d4-0001-0001-0001-000000000001',
   3, '6 Hours of Spa', 'Circuit de Spa-Francorchamps', 'BE', '2026-05-10', 6, 'scheduled'),

  ('r0000001-0000-0000-0000-000000000004',
   'a1b2c3d4-0001-0001-0001-000000000001',
   4, '24 Hours of Le Mans', 'Circuit de la Sarthe', 'FR', '2026-06-13', 24, 'scheduled'),

  ('r0000001-0000-0000-0000-000000000005',
   'a1b2c3d4-0001-0001-0001-000000000001',
   5, '6 Hours of São Paulo', 'Interlagos', 'BR', '2026-07-12', 6, 'scheduled'),

  ('r0000001-0000-0000-0000-000000000006',
   'a1b2c3d4-0001-0001-0001-000000000001',
   6, '6 Hours of Fuji', 'Fuji Speedway', 'JP', '2026-09-13', 6, 'scheduled'),

  ('r0000001-0000-0000-0000-000000000007',
   'a1b2c3d4-0001-0001-0001-000000000001',
   7, '8 Hours of Bahrain', 'Bahrain International Circuit', 'BH', '2026-11-07', 8, 'scheduled');

-- NOTE: Qatar Round 1 — data provider says Imola is first scored round with
-- classification data provided. Qatar data must be added separately when available.
-- Imola seeded below as Round 2 with full classification.

-- ============================================================
-- SEED — HYPERCAR CARS (2026 season entries)
-- ============================================================
INSERT INTO public.cars (id, season_id, car_number, team_name, manufacturer_id, category) VALUES
  -- Toyota
  ('c0000001-0000-0000-0000-000000000001', 'a1b2c3d4-0001-0001-0001-000000000001', '8',   'Toyota Gazoo Racing',    'm0000001-0000-0000-0000-000000000001', 'Hypercar'),
  ('c0000001-0000-0000-0000-000000000002', 'a1b2c3d4-0001-0001-0001-000000000001', '7',   'Toyota Gazoo Racing',    'm0000001-0000-0000-0000-000000000001', 'Hypercar'),
  -- Ferrari
  ('c0000001-0000-0000-0000-000000000003', 'a1b2c3d4-0001-0001-0001-000000000001', '51',  'Ferrari AF Corse',       'm0000001-0000-0000-0000-000000000002', 'Hypercar'),
  ('c0000001-0000-0000-0000-000000000004', 'a1b2c3d4-0001-0001-0001-000000000001', '50',  'Ferrari AF Corse',       'm0000001-0000-0000-0000-000000000002', 'Hypercar'),
  ('c0000001-0000-0000-0000-000000000005', 'a1b2c3d4-0001-0001-0001-000000000001', '83',  'AF Corse',               'm0000001-0000-0000-0000-000000000002', 'Hypercar'),
  -- BMW
  ('c0000001-0000-0000-0000-000000000006', 'a1b2c3d4-0001-0001-0001-000000000001', '20',  'BMW WRT',                'm0000001-0000-0000-0000-000000000003', 'Hypercar'),
  ('c0000001-0000-0000-0000-000000000007', 'a1b2c3d4-0001-0001-0001-000000000001', '15',  'BMW WRT',                'm0000001-0000-0000-0000-000000000003', 'Hypercar'),
  -- Alpine
  ('c0000001-0000-0000-0000-000000000008', 'a1b2c3d4-0001-0001-0001-000000000001', '35',  'Alpine Endurance Team',  'm0000001-0000-0000-0000-000000000004', 'Hypercar'),
  ('c0000001-0000-0000-0000-000000000009', 'a1b2c3d4-0001-0001-0001-000000000001', '36',  'Alpine Endurance Team',  'm0000001-0000-0000-0000-000000000004', 'Hypercar'),
  -- Cadillac
  ('c0000001-0000-0000-0000-000000000010', 'a1b2c3d4-0001-0001-0001-000000000001', '38',  'Cadillac JOTA',          'm0000001-0000-0000-0000-000000000005', 'Hypercar'),
  ('c0000001-0000-0000-0000-000000000011', 'a1b2c3d4-0001-0001-0001-000000000001', '12',  'Cadillac JOTA',          'm0000001-0000-0000-0000-000000000005', 'Hypercar'),
  -- Aston Martin
  ('c0000001-0000-0000-0000-000000000012', 'a1b2c3d4-0001-0001-0001-000000000001', '007', 'Aston Martin Aramco',    'm0000001-0000-0000-0000-000000000006', 'Hypercar'),
  ('c0000001-0000-0000-0000-000000000013', 'a1b2c3d4-0001-0001-0001-000000000001', '009', 'Aston Martin Aramco',    'm0000001-0000-0000-0000-000000000006', 'Hypercar'),
  -- Peugeot
  ('c0000001-0000-0000-0000-000000000014', 'a1b2c3d4-0001-0001-0001-000000000001', '94',  'Peugeot TotalEnergies',  'm0000001-0000-0000-0000-000000000007', 'Hypercar'),
  ('c0000001-0000-0000-0000-000000000015', 'a1b2c3d4-0001-0001-0001-000000000001', '93',  'Peugeot TotalEnergies',  'm0000001-0000-0000-0000-000000000007', 'Hypercar'),
  -- Genesis
  ('c0000001-0000-0000-0000-000000000016', 'a1b2c3d4-0001-0001-0001-000000000001', '17',  'Genesis X Speedworks',   'm0000001-0000-0000-0000-000000000008', 'Hypercar'),
  ('c0000001-0000-0000-0000-000000000017', 'a1b2c3d4-0001-0001-0001-000000000001', '19',  'Genesis X Speedworks',   'm0000001-0000-0000-0000-000000000008', 'Hypercar');

-- ============================================================
-- SEED — LMGT3 CARS
-- ============================================================
INSERT INTO public.cars (id, season_id, car_number, team_name, manufacturer_id, category) VALUES
  ('c0000002-0000-0000-0000-000000000001', 'a1b2c3d4-0001-0001-0001-000000000001', '69', 'Team WRT',              'm0000001-0000-0000-0000-000000000003', 'LMGT3'),
  ('c0000002-0000-0000-0000-000000000002', 'a1b2c3d4-0001-0001-0001-000000000001', '33', 'TF Sport',              'm0000001-0000-0000-0000-000000000006', 'LMGT3'),
  ('c0000002-0000-0000-0000-000000000003', 'a1b2c3d4-0001-0001-0001-000000000001', '92', 'Manthey EMA',           'm0000001-0000-0000-0000-000000000009', 'LMGT3'),
  ('c0000002-0000-0000-0000-000000000004', 'a1b2c3d4-0001-0001-0001-000000000001', '91', 'Manthey DK',            'm0000001-0000-0000-0000-000000000009', 'LMGT3'),
  ('c0000002-0000-0000-0000-000000000005', 'a1b2c3d4-0001-0001-0001-000000000001', '32', 'Team WRT',              'm0000001-0000-0000-0000-000000000003', 'LMGT3'),
  ('c0000002-0000-0000-0000-000000000006', 'a1b2c3d4-0001-0001-0001-000000000001', '21', 'Vista AF Corse',        'm0000001-0000-0000-0000-000000000002', 'LMGT3'),
  ('c0000002-0000-0000-0000-000000000007', 'a1b2c3d4-0001-0001-0001-000000000001', '58', 'Garage 59',             'm0000001-0000-0000-0000-000000000010', 'LMGT3'),
  ('c0000002-0000-0000-0000-000000000008', 'a1b2c3d4-0001-0001-0001-000000000001', '88', 'Proton Competition',    'm0000001-0000-0000-0000-000000000011', 'LMGT3'),
  ('c0000002-0000-0000-0000-000000000009', 'a1b2c3d4-0001-0001-0001-000000000001', '23', 'Heart of Racing',       'm0000001-0000-0000-0000-000000000006', 'LMGT3'),
  ('c0000002-0000-0000-0000-000000000010', 'a1b2c3d4-0001-0001-0001-000000000001', '77', 'Proton Competition',    'm0000001-0000-0000-0000-000000000006', 'LMGT3'),
  ('c0000002-0000-0000-0000-000000000011', 'a1b2c3d4-0001-0001-0001-000000000001', '54', 'Vista AF Corse',        'm0000001-0000-0000-0000-000000000002', 'LMGT3'),
  ('c0000002-0000-0000-0000-000000000012', 'a1b2c3d4-0001-0001-0001-000000000001', '79', 'Iron Lynx',             'm0000001-0000-0000-0000-000000000010', 'LMGT3'),
  ('c0000002-0000-0000-0000-000000000013', 'a1b2c3d4-0001-0001-0001-000000000001', '10', 'Garage 59',             'm0000001-0000-0000-0000-000000000010', 'LMGT3'),
  ('c0000002-0000-0000-0000-000000000014', 'a1b2c3d4-0001-0001-0001-000000000001', '78', 'Akkodis ASP',           'm0000001-0000-0000-0000-000000000012', 'LMGT3'),
  ('c0000002-0000-0000-0000-000000000015', 'a1b2c3d4-0001-0001-0001-000000000001', '87', 'Akkodis ASP',           'm0000001-0000-0000-0000-000000000012', 'LMGT3'),
  ('c0000002-0000-0000-0000-000000000016', 'a1b2c3d4-0001-0001-0001-000000000001', '61', 'Iron Lynx',             'm0000001-0000-0000-0000-000000000010', 'LMGT3'),
  ('c0000002-0000-0000-0000-000000000017', 'a1b2c3d4-0001-0001-0001-000000000001', '34', 'Racing Team Turkey TF', 'm0000001-0000-0000-0000-000000000006', 'LMGT3'),
  ('c0000002-0000-0000-0000-000000000018', 'a1b2c3d4-0001-0001-0001-000000000001', '27', 'Heart of Racing',       'm0000001-0000-0000-0000-000000000006', 'LMGT3');

-- ============================================================
-- SEED — DRIVERS (Hypercar — Imola grid)
-- ============================================================
INSERT INTO public.drivers (car_id, full_name) VALUES
  -- #8 Toyota
  ('c0000001-0000-0000-0000-000000000001', 'Sébastien Buemi'),
  ('c0000001-0000-0000-0000-000000000001', 'Brendon Hartley'),
  ('c0000001-0000-0000-0000-000000000001', 'Ryō Hirakawa'),
  -- #7 Toyota
  ('c0000001-0000-0000-0000-000000000002', 'Mike Conway'),
  ('c0000001-0000-0000-0000-000000000002', 'Kamui Kobayashi'),
  ('c0000001-0000-0000-0000-000000000002', 'Nyck De Vries'),
  -- #51 Ferrari
  ('c0000001-0000-0000-0000-000000000003', 'Alessandro Pier Guidi'),
  ('c0000001-0000-0000-0000-000000000003', 'James Calado'),
  ('c0000001-0000-0000-0000-000000000003', 'Antonio Giovinazzi'),
  -- #50 Ferrari
  ('c0000001-0000-0000-0000-000000000004', 'Antonio Fuoco'),
  ('c0000001-0000-0000-0000-000000000004', 'Miguel Molina'),
  ('c0000001-0000-0000-0000-000000000004', 'Nicklas Nielsen'),
  -- #83 AF Corse
  ('c0000001-0000-0000-0000-000000000005', 'Robert Kubica'),
  ('c0000001-0000-0000-0000-000000000005', 'Yifei Ye'),
  ('c0000001-0000-0000-0000-000000000005', 'Philip Hanson'),
  -- #20 BMW
  ('c0000001-0000-0000-0000-000000000006', 'René Rast'),
  ('c0000001-0000-0000-0000-000000000006', 'Robin Frijns'),
  -- #15 BMW
  ('c0000001-0000-0000-0000-000000000007', 'Kevin Magnussen'),
  ('c0000001-0000-0000-0000-000000000007', 'Raffaele Marciello'),
  -- #35 Alpine
  ('c0000001-0000-0000-0000-000000000008', 'Carlos Félix da Costa'),
  ('c0000001-0000-0000-0000-000000000008', 'Charles Milesi'),
  ('c0000001-0000-0000-0000-000000000008', 'Ferdinand Habsburg'),
  -- #36 Alpine
  ('c0000001-0000-0000-0000-000000000009', 'Stéphane Richelmi'),
  ('c0000001-0000-0000-0000-000000000009', 'Julien Gounon'),
  ('c0000001-0000-0000-0000-000000000009', 'Victor Martins'),
  -- #38 Cadillac
  ('c0000001-0000-0000-0000-000000000010', 'Earl Bamber'),
  ('c0000001-0000-0000-0000-000000000010', 'Sébastien Bourdais'),
  -- #12 Cadillac
  ('c0000001-0000-0000-0000-000000000011', 'Oliver Jarvis'),
  ('c0000001-0000-0000-0000-000000000011', 'Will Stevens'),
  ('c0000001-0000-0000-0000-000000000011', 'Nicolas Nato'),
  -- #007 Aston Martin
  ('c0000001-0000-0000-0000-000000000012', 'Harry Tincknell'),
  ('c0000001-0000-0000-0000-000000000012', 'Tom Gamble'),
  -- #009 Aston Martin
  ('c0000001-0000-0000-0000-000000000013', 'Alex Riberas'),
  ('c0000001-0000-0000-0000-000000000013', 'Marco Sørensen'),
  -- #94 Peugeot
  ('c0000001-0000-0000-0000-000000000014', 'Loïc Duval'),
  ('c0000001-0000-0000-0000-000000000014', 'Malthe Jakobsen'),
  ('c0000001-0000-0000-0000-000000000014', 'Théo Pourchaire'),
  -- #93 Peugeot
  ('c0000001-0000-0000-0000-000000000015', 'Paul Di Resta'),
  ('c0000001-0000-0000-0000-000000000015', 'Stoffel Vandoorne'),
  ('c0000001-0000-0000-0000-000000000015', 'Nick Cassidy'),
  -- #17 Genesis
  ('c0000001-0000-0000-0000-000000000016', 'André Lotterer'),
  ('c0000001-0000-0000-0000-000000000016', 'Filipe Albuquerque'),
  ('c0000001-0000-0000-0000-000000000016', 'Louis Jaubert'),
  -- #19 Genesis
  ('c0000001-0000-0000-0000-000000000017', 'Mathieu Jaminet'),
  ('c0000001-0000-0000-0000-000000000017', 'Pierre-Louis Chatin'),
  ('c0000001-0000-0000-0000-000000000017', 'Daniel Juncadella');

-- ============================================================
-- SEED — DRIVERS (LMGT3)
-- ============================================================
INSERT INTO public.drivers (car_id, full_name) VALUES
  ('c0000002-0000-0000-0000-000000000001', 'Tom McIntosh'),
  ('c0000002-0000-0000-0000-000000000001', 'Jordan Thompson'),
  ('c0000002-0000-0000-0000-000000000001', 'Ben Harper'),
  ('c0000002-0000-0000-0000-000000000002', 'Jenson Button McDonald'),
  ('c0000002-0000-0000-0000-000000000002', 'John Edgar'),
  ('c0000002-0000-0000-0000-000000000002', 'Nicky Catsburg'),
  ('c0000002-0000-0000-0000-000000000003', 'Yasser Shahin'),
  ('c0000002-0000-0000-0000-000000000003', 'Matteo Cressoni'),
  ('c0000002-0000-0000-0000-000000000003', 'Richard Lietz'),
  ('c0000002-0000-0000-0000-000000000004', 'Alexander Cottingham'),
  ('c0000002-0000-0000-0000-000000000004', 'Aliaksandr Malykhin'),
  ('c0000002-0000-0000-0000-000000000004', 'Ayhancan Güven'),
  ('c0000002-0000-0000-0000-000000000005', 'Maxime Martin'),
  ('c0000002-0000-0000-0000-000000000005', 'Sean Gelael'),
  ('c0000002-0000-0000-0000-000000000005', 'Augusto Farfus'),
  ('c0000002-0000-0000-0000-000000000006', 'François Hériau'),
  ('c0000002-0000-0000-0000-000000000006', 'Simon Mann'),
  ('c0000002-0000-0000-0000-000000000006', 'Alessio Rovera'),
  ('c0000002-0000-0000-0000-000000000007', 'James West'),
  ('c0000002-0000-0000-0000-000000000007', 'Luca Gehrsitz'),
  ('c0000002-0000-0000-0000-000000000007', 'Benjamin Goethe'),
  ('c0000002-0000-0000-0000-000000000008', 'Giuseppe Gattuso'),
  ('c0000002-0000-0000-0000-000000000008', 'Gianluca Levorato'),
  ('c0000002-0000-0000-0000-000000000008', 'Nicholas Latifi'),
  ('c0000002-0000-0000-0000-000000000009', 'Kyle Newell'),
  ('c0000002-0000-0000-0000-000000000009', 'Dries Vanthoor'),
  ('c0000002-0000-0000-0000-000000000009', 'James Adam'),
  ('c0000002-0000-0000-0000-000000000010', 'Jaxon Evans'),
  ('c0000002-0000-0000-0000-000000000010', 'Charlie Eastwood'),
  ('c0000002-0000-0000-0000-000000000010', 'Chris Priaulx'),
  ('c0000002-0000-0000-0000-000000000011', 'Thomas Flohr'),
  ('c0000002-0000-0000-0000-000000000011', 'Francesco Castellacci'),
  ('c0000002-0000-0000-0000-000000000011', 'Davide Rigon'),
  ('c0000002-0000-0000-0000-000000000012', 'Carl Timmers'),
  ('c0000002-0000-0000-0000-000000000012', 'Manuela Gostner'),
  ('c0000002-0000-0000-0000-000000000012', 'Mikkel O. Pedersen'),
  ('c0000002-0000-0000-0000-000000000013', 'Tsang Ho-Pin'),
  ('c0000002-0000-0000-0000-000000000013', 'Brendan Iribe'),
  ('c0000002-0000-0000-0000-000000000013', 'Ollie Millroy');

-- NOTE: #78, #87 Akkodis, #61 Iron Lynx, #34 Racing Team Turkey, #27 Heart of Racing
-- driver lineups not provided. Insert placeholder drivers once confirmed.

-- ============================================================
-- SEED — RACE RESULTS: IMOLA 2026 (Round 2, 6 Hours)
-- Points per WEC 6h scale, top 10 score
-- Manufacturer: top 2 cars per manufacturer count
-- ============================================================

-- HYPERCAR RESULTS
INSERT INTO public.race_results
  (race_id, car_id, finish_position, classified, status, points_drivers, points_teams, points_manufacturers)
VALUES
  -- P1 — #8 Toyota — 25 pts all
  ('r0000001-0000-0000-0000-000000000002','c0000001-0000-0000-0000-000000000001', 1, true, 'finished', 25, 25, 25),
  -- P2 — #51 Ferrari — 18 pts
  ('r0000001-0000-0000-0000-000000000002','c0000001-0000-0000-0000-000000000003', 2, true, 'finished', 18, 18, 18),
  -- P3 — #7 Toyota — 15 pts
  ('r0000001-0000-0000-0000-000000000002','c0000001-0000-0000-0000-000000000002', 3, true, 'finished', 15, 15, 15),
  -- P4 — #35 Alpine — 12 pts
  ('r0000001-0000-0000-0000-000000000002','c0000001-0000-0000-0000-000000000008', 4, true, 'finished', 12, 12, 12),
  -- P5 — #20 BMW — 10 pts
  ('r0000001-0000-0000-0000-000000000002','c0000001-0000-0000-0000-000000000006', 5, true, 'finished', 10, 10, 10),
  -- P6 — #50 Ferrari — 8 pts (2nd Ferrari = counts for manufacturer)
  ('r0000001-0000-0000-0000-000000000002','c0000001-0000-0000-0000-000000000004', 6, true, 'finished',  8,  8,  8),
  -- P7 — #15 BMW — 6 pts (2nd BMW = counts for manufacturer)
  ('r0000001-0000-0000-0000-000000000002','c0000001-0000-0000-0000-000000000007', 7, true, 'finished',  6,  6,  6),
  -- P8 — #38 Cadillac — 4 pts
  ('r0000001-0000-0000-0000-000000000002','c0000001-0000-0000-0000-000000000010', 8, true, 'finished',  4,  4,  4),
  -- P9 — #007 Aston Martin — 2 pts
  ('r0000001-0000-0000-0000-000000000002','c0000001-0000-0000-0000-000000000012', 9, true, 'finished',  2,  2,  2),
  -- P10 — #83 AF Corse — 1 pt (independent Ferrari, not counted for Ferrari manufacturer)
  ('r0000001-0000-0000-0000-000000000002','c0000001-0000-0000-0000-000000000005',10, true, 'finished',  1,  1,  0),
  -- P11 — #36 Alpine — 0 pts (2nd Alpine but outside top 10)
  ('r0000001-0000-0000-0000-000000000002','c0000001-0000-0000-0000-000000000009',11, true, 'finished',  0,  0,  0),
  -- P12 — #94 Peugeot — 0 pts
  ('r0000001-0000-0000-0000-000000000002','c0000001-0000-0000-0000-000000000014',12, true, 'finished',  0,  0,  0),
  -- P13 — #12 Cadillac — 0 pts
  ('r0000001-0000-0000-0000-000000000002','c0000001-0000-0000-0000-000000000011',13, true, 'finished',  0,  0,  0),
  -- P14 — #009 Aston Martin — 0 pts
  ('r0000001-0000-0000-0000-000000000002','c0000001-0000-0000-0000-000000000013',14, true, 'finished',  0,  0,  0),
  -- P15 — #17 Genesis — 0 pts
  ('r0000001-0000-0000-0000-000000000002','c0000001-0000-0000-0000-000000000016',15, true, 'finished',  0,  0,  0),
  -- P16 — #93 Peugeot — 0 pts
  ('r0000001-0000-0000-0000-000000000002','c0000001-0000-0000-0000-000000000015',16, true, 'finished',  0,  0,  0),
  -- P17 — #19 Genesis — 0 pts
  ('r0000001-0000-0000-0000-000000000002','c0000001-0000-0000-0000-000000000017',17, true, 'finished',  0,  0,  0);

-- LMGT3 RESULTS (Imola 2026)
INSERT INTO public.race_results
  (race_id, car_id, finish_position, classified, status, points_drivers, points_teams, points_manufacturers)
VALUES
  ('r0000001-0000-0000-0000-000000000002','c0000002-0000-0000-0000-000000000001', 1, true, 'finished', 25, 25, 0),
  ('r0000001-0000-0000-0000-000000000002','c0000002-0000-0000-0000-000000000002', 2, true, 'finished', 18, 18, 0),
  ('r0000001-0000-0000-0000-000000000002','c0000002-0000-0000-0000-000000000003', 3, true, 'finished', 15, 15, 0),
  ('r0000001-0000-0000-0000-000000000002','c0000002-0000-0000-0000-000000000004', 4, true, 'finished', 12, 12, 0),
  ('r0000001-0000-0000-0000-000000000002','c0000002-0000-0000-0000-000000000005', 5, true, 'finished', 10, 10, 0),
  ('r0000001-0000-0000-0000-000000000002','c0000002-0000-0000-0000-000000000006', 6, true, 'finished',  8,  8, 0),
  ('r0000001-0000-0000-0000-000000000002','c0000002-0000-0000-0000-000000000007', 7, true, 'finished',  6,  6, 0),
  ('r0000001-0000-0000-0000-000000000002','c0000002-0000-0000-0000-000000000008', 8, true, 'finished',  4,  4, 0),
  ('r0000001-0000-0000-0000-000000000002','c0000002-0000-0000-0000-000000000009', 9, true, 'finished',  2,  2, 0),
  ('r0000001-0000-0000-0000-000000000002','c0000002-0000-0000-0000-000000000010',10, true, 'finished',  1,  1, 0),
  ('r0000001-0000-0000-0000-000000000002','c0000002-0000-0000-0000-000000000011',11, true, 'finished',  0,  0, 0),
  ('r0000001-0000-0000-0000-000000000002','c0000002-0000-0000-0000-000000000012',12, true, 'finished',  0,  0, 0),
  ('r0000001-0000-0000-0000-000000000002','c0000002-0000-0000-0000-000000000013',13, true, 'finished',  0,  0, 0),
  ('r0000001-0000-0000-0000-000000000002','c0000002-0000-0000-0000-000000000014',14, true, 'finished',  0,  0, 0),
  ('r0000001-0000-0000-0000-000000000002','c0000002-0000-0000-0000-000000000015',15, true, 'finished',  0,  0, 0),
  ('r0000001-0000-0000-0000-000000000002','c0000002-0000-0000-0000-000000000016',16, true, 'finished',  0,  0, 0),
  ('r0000001-0000-0000-0000-000000000002','c0000002-0000-0000-0000-000000000017',17, true, 'finished',  0,  0, 0),
  ('r0000001-0000-0000-0000-000000000002','c0000002-0000-0000-0000-000000000018',18, true, 'finished',  0,  0, 0);
